{"val_loss":{"0":1.586794178,"1":1.438778653,"2":1.171734663,"3":0.897115915,"4":0.9542361382,"5":1.0973984222,"6":0.8591700635,"7":0.7544024076,"8":0.8507716989,"9":0.8919092579,"10":0.7409380576,"11":0.7721554302,"12":0.8289041442,"13":0.7020379981,"14":0.7180228896,"15":0.7084107414,"16":0.800438192,"17":0.6857856507,"18":0.7109246592,"19":0.7365202604,"20":0.7208497966,"21":0.7561719681,"22":0.7075166437,"23":0.7067693184,"24":0.9091686938,"25":0.7423160963,"26":0.6978994743,"27":0.8166768536,"28":0.7376533294,"29":0.7213030649},"val_acc":{"0":0.4371,"1":0.5065,"2":0.583,"3":0.6832,"4":0.6728,"5":0.645,"6":0.7018,"7":0.7411,"8":0.7115,"9":0.7023,"10":0.747,"11":0.7427,"12":0.7341,"13":0.7612,"14":0.7671,"15":0.7708,"16":0.7508,"17":0.7791,"18":0.7839,"19":0.7771,"20":0.7738,"21":0.7757,"22":0.7864,"23":0.7845,"24":0.7341,"25":0.7815,"26":0.7927,"27":0.7789,"28":0.7867,"29":0.7944},"loss":{"0":1.6663138171,"1":1.2321119816,"2":1.0626580057,"3":0.93350115,"4":0.8472842215,"5":0.7810707121,"6":0.7256154474,"7":0.6784955914,"8":0.6336970226,"9":0.607779108,"10":0.5773425235,"11":0.5393748223,"12":0.5198861459,"13":0.4929798746,"14":0.4653340875,"15":0.4473374373,"16":0.4296725341,"17":0.4178122251,"18":0.3945388887,"19":0.3813167313,"20":0.3658175787,"21":0.3509330336,"22":0.339719646,"23":0.3226165409,"24":0.3106257714,"25":0.3042252379,"26":0.297780564,"27":0.2812913121,"28":0.2749633664,"29":0.2655532911},"acc":{"0":0.4275590946,"1":0.5567566212,"2":0.623344703,"3":0.6705457464,"4":0.7050561798,"5":0.724217496,"6":0.7452347512,"7":0.7628661717,"8":0.7769361958,"9":0.786617175,"10":0.7996839888,"11":0.8100421348,"12":0.8166884029,"13":0.8290529695,"14":0.8356992376,"15":0.8421448636,"16":0.8499448234,"17":0.8542586276,"18":0.8601775682,"19":0.8653691814,"20":0.8703601525,"21":0.8761286116,"22":0.8810945024,"23":0.8854835474,"24":0.8911015249,"25":0.8929574639,"26":0.8960423355,"27":0.9006069422,"28":0.9028390851,"29":0.9067014446}}