{"val_loss":{"0":2.3495148125,"1":2.1531404228,"2":2.1558477097,"3":2.6050533749,"4":2.2371732994,"5":2.7490842911,"6":2.0977970795,"7":3.1634750893,"8":2.575309053,"9":2.0669865879,"10":2.1848104509,"11":2.472065847,"12":2.1716924946,"13":2.1570713291,"14":2.2332850563,"15":2.459869825,"16":2.1583214029,"17":2.4365384348,"18":2.2479480919,"19":2.2663154076,"20":2.2196446606,"21":2.1600628586,"22":2.2054150784,"23":2.3111642078,"24":2.302636533,"25":2.3026058716,"26":2.3026604683,"27":2.302601503,"28":2.3025810219,"29":2.3026326847},"val_acc":{"0":0.103,"1":0.1853,"2":0.1643,"3":0.1274,"4":0.1405,"5":0.1017,"6":0.18,"7":0.0937,"8":0.0979,"9":0.1708,"10":0.1703,"11":0.1003,"12":0.1573,"13":0.1701,"14":0.1328,"15":0.1091,"16":0.174,"17":0.1236,"18":0.1041,"19":0.1371,"20":0.146,"21":0.1554,"22":0.1529,"23":0.0973,"24":0.0933,"25":0.1023,"26":0.0933,"27":0.1015,"28":0.1023,"29":0.0994},"loss":{"0":1.9228960895,"1":1.951654522,"2":1.9757473174,"3":1.9904935025,"4":1.9902664096,"5":2.0519397676,"6":2.0634593738,"7":2.0906133001,"8":2.0899123583,"9":2.0936895944,"10":2.0839281201,"11":2.0966053713,"12":2.1063479149,"13":2.1035282363,"14":2.1068268488,"15":2.0893486189,"16":2.0944883445,"17":2.098083808,"18":2.10294818,"19":2.1103349459,"20":2.123921314,"21":2.138826518,"22":2.1497428884,"23":2.1733473159,"24":2.2989834595,"25":2.3025846864,"26":2.3026051636,"27":2.3026101585,"28":2.3026024189,"29":2.3026019134},"acc":{"0":0.2537560096,"1":0.2315660112,"2":0.220605939,"3":0.2168689807,"4":0.2186245987,"5":0.1801013242,"6":0.1774929775,"7":0.1804273676,"8":0.1821829856,"9":0.1842646469,"10":0.1803019663,"11":0.1774929775,"12":0.1818569422,"13":0.1828350722,"14":0.1818569422,"15":0.1798756019,"16":0.1788974719,"17":0.1831861958,"18":0.1842395666,"19":0.1844402087,"20":0.1835373194,"21":0.180076244,"22":0.179198435,"23":0.1740569823,"24":0.1041583066,"25":0.0991924157,"26":0.0980136437,"27":0.0996689406,"28":0.1012991573,"29":0.0997943419}}