{"val_loss":{"0":1.4730998817,"1":1.4260966274,"2":1.2000882442,"3":1.153252224,"4":1.0686034546,"5":0.9688262892,"6":0.9615551212,"7":0.894134562,"8":0.8617675764,"9":0.8730668249,"10":0.8278144977,"11":0.7820953092,"12":0.7528816219,"13":0.7412772076,"14":0.771323374,"15":0.711977117,"16":0.7586309722,"17":0.7337269097,"18":0.7100202722,"19":0.7377446371,"20":0.7779273849,"21":0.7190195343,"22":0.7283735708,"23":0.6992216112,"24":0.7071812088,"25":0.6917964592,"26":0.7054897408,"27":0.709436961,"28":0.7211929061,"29":0.6969257449},"val_acc":{"0":0.4632,"1":0.4853,"2":0.5645,"3":0.589,"4":0.6195,"5":0.6535,"6":0.6577,"7":0.6907,"8":0.6944,"9":0.6902,"10":0.7107,"11":0.7319,"12":0.7411,"13":0.7398,"14":0.7366,"15":0.7531,"16":0.7424,"17":0.7532,"18":0.7575,"19":0.7552,"20":0.7403,"21":0.7617,"22":0.771,"23":0.7721,"24":0.7711,"25":0.7761,"26":0.7751,"27":0.7701,"28":0.7745,"29":0.7779},"loss":{"0":1.7889051239,"1":1.4662332906,"2":1.330309264,"3":1.21958424,"4":1.1296528503,"5":1.0478234758,"6":0.9858454889,"7":0.9344028765,"8":0.8816023162,"9":0.8237012833,"10":0.7846478799,"11":0.7538160928,"12":0.7150375826,"13":0.6842411983,"14":0.6543962158,"15":0.6208985881,"16":0.6081021201,"17":0.5792739738,"18":0.5559063896,"19":0.5389102184,"20":0.5159751206,"21":0.4997197606,"22":0.47856652,"23":0.4652739066,"24":0.4505139629,"25":0.4364304502,"26":0.4105804336,"27":0.4019408403,"28":0.389395465,"29":0.3754011047},"acc":{"0":0.3358122997,"1":0.4649628812,"2":0.5170044141,"3":0.5603180177,"4":0.5962831059,"5":0.6275581862,"6":0.6480738363,"7":0.6709721108,"8":0.6894060995,"9":0.7106741573,"10":0.7223113965,"11":0.7349518459,"12":0.7464135233,"13":0.7597311396,"14":0.7704654896,"15":0.7823535313,"16":0.7864917737,"17":0.797652488,"18":0.8053772071,"19":0.8088633628,"20":0.8160363162,"21":0.8260433387,"22":0.8303320626,"23":0.8361757624,"24":0.8424709069,"25":0.8458567416,"26":0.8558136035,"27":0.8584219502,"28":0.8625351124,"29":0.8673003612}}