{"val_loss":{"0":1.5847016756,"1":1.3716579682,"2":1.0458132125,"3":0.8948884983,"4":1.0043138208,"5":0.8164232817,"6":0.8764383062,"7":0.9192218749,"8":0.7376424649,"9":0.6696664152,"10":0.7488398107,"11":0.7620815447,"12":0.7387555875,"13":0.6791223123,"14":0.6817361261,"15":0.7438883203,"16":0.7348959699,"17":0.7324254036,"18":0.9512156493,"19":0.7003675301,"20":0.815496958,"21":0.7307763662,"22":0.7696111873,"23":0.8044604289,"24":0.771901994,"25":0.6727987974,"26":0.7561564927,"27":0.9667812715,"28":0.7201638778,"29":0.7006882002},"val_acc":{"0":0.4059,"1":0.518,"2":0.6336,"3":0.6835,"4":0.658,"5":0.7178,"6":0.7001,"7":0.697,"8":0.7459,"9":0.7681,"10":0.75,"11":0.7468,"12":0.7505,"13":0.772,"14":0.7857,"15":0.7595,"16":0.7756,"17":0.7734,"18":0.7271,"19":0.7795,"20":0.7612,"21":0.7818,"22":0.7711,"23":0.7751,"24":0.7858,"25":0.801,"26":0.7905,"27":0.7415,"28":0.79,"29":0.8055},"loss":{"0":1.6080631411,"1":1.2453441641,"2":1.0354668983,"3":0.9012955923,"4":0.8103447788,"5":0.7400346004,"6":0.68575578,"7":0.6384254024,"8":0.5988227688,"9":0.5652315725,"10":0.5262938302,"11":0.5056693982,"12":0.4810107707,"13":0.4477884092,"14":0.4343603054,"15":0.4162871141,"16":0.3909698143,"17":0.379585183,"18":0.3610659898,"19":0.3471208495,"20":0.3320571799,"21":0.3238877667,"22":0.3067245274,"23":0.2984423879,"24":0.2850354752,"25":0.2747561271,"26":0.2687036232,"27":0.2567591514,"28":0.2512000099,"29":0.2422085508},"acc":{"0":0.4165665064,"1":0.5528441011,"2":0.6316462681,"3":0.6840890851,"4":0.7142355538,"5":0.737209069,"6":0.7592044543,"7":0.7762841091,"8":0.7895014045,"9":0.8024177368,"10":0.8146819823,"11":0.822757825,"12":0.8323134029,"13":0.8422201043,"14":0.8471609149,"15":0.8529795345,"16":0.8647672552,"17":0.8669241573,"18":0.8735955056,"19":0.8776585072,"20":0.8826243981,"21":0.8864616774,"22":0.8921548957,"23":0.8950892857,"24":0.9000050161,"25":0.902538122,"26":0.9057985554,"27":0.9123194222,"28":0.9125451445,"29":0.9150531701}}