{"val_loss":{"0":1.9055549486,"1":1.1157280237,"2":0.9927235503,"3":0.8386267803,"4":0.8343332588,"5":0.7195860997,"6":0.701709999,"7":0.7063949109,"8":0.708192698,"9":0.7191117387,"10":0.6301264401,"11":0.6225093831,"12":0.6096474507,"13":0.6550646617,"14":0.6593811179,"15":0.6245050615,"16":0.6525226328,"17":0.6430700629,"18":0.6742839784,"19":0.6455805709,"20":0.642332768,"21":0.6770714691,"22":0.6603071977,"23":0.7021000719,"24":0.6730915457,"25":0.723746501,"26":0.7236050911,"27":0.7539624828,"28":0.7164892633,"29":0.7177813282},"val_acc":{"0":0.3276,"1":0.6081,"2":0.6592,"3":0.7037,"4":0.7178,"5":0.7566,"6":0.7611,"7":0.7589,"8":0.758,"9":0.7681,"10":0.7942,"11":0.8023,"12":0.8022,"13":0.7955,"14":0.7987,"15":0.8062,"16":0.8026,"17":0.8083,"18":0.8069,"19":0.8113,"20":0.8229,"21":0.8195,"22":0.8242,"23":0.8211,"24":0.8207,"25":0.8212,"26":0.8204,"27":0.8199,"28":0.8213,"29":0.8253},"loss":{"0":1.549103027,"1":1.1516775342,"2":0.9592189035,"3":0.8383822987,"4":0.7523015715,"5":0.6819712105,"6":0.628807676,"7":0.5880592955,"8":0.5430339923,"9":0.5113362931,"10":0.4126559923,"11":0.3725582743,"12":0.3487248827,"13":0.3261997802,"14":0.3093361074,"15":0.2965019102,"16":0.278367127,"17":0.2656092762,"18":0.2509557166,"19":0.2411004415,"20":0.1920413522,"21":0.1771354563,"22":0.1588779481,"23":0.1523594698,"24":0.1455771127,"25":0.1378691637,"26":0.1319922291,"27":0.1273997753,"28":0.1250048821,"29":0.1159794704},"acc":{"0":0.4368239183,"1":0.5882574238,"2":0.6613914526,"3":0.7056330257,"4":0.7384881621,"5":0.7615369181,"6":0.7797451846,"7":0.7960724318,"8":0.8130517657,"9":0.8211025281,"10":0.8554123194,"11":0.8702347512,"12":0.876755618,"13":0.886913122,"14":0.8915529695,"15":0.8965439406,"16":0.9012841091,"17":0.905472512,"18":0.9122191011,"19":0.9152788925,"20":0.9350672151,"21":0.9390549759,"22":0.9455758427,"23":0.9469301766,"24":0.9481841894,"25":0.951469703,"26":0.9557835072,"27":0.9563101926,"28":0.9570124398,"29":0.9604735152}}