{"val_loss":{"0":1.6579668959,"1":1.2232401033,"2":1.0552479223,"3":0.9365789459,"4":0.8125018074,"5":0.8367714726,"6":0.8435587808,"7":0.9282876493,"8":0.7822889241,"9":0.7549650238,"10":0.6822292999,"11":0.738593774,"12":0.6745771923,"13":0.9233248424,"14":0.6968173006,"15":0.7146579291,"16":0.6795450202,"17":0.6891070368,"18":0.7806919857,"19":0.7051979378,"20":0.6976845562,"21":0.6981484426,"22":0.8630914034,"23":0.7155032561,"24":0.6806153961,"25":0.6862926273,"26":0.6764046496,"27":0.715772537,"28":0.6624659921,"29":0.7004476703},"val_acc":{"0":0.4522,"1":0.5758,"2":0.6342,"3":0.6782,"4":0.7221,"5":0.7124,"6":0.7117,"7":0.6834,"8":0.7352,"9":0.7509,"10":0.7694,"11":0.7553,"12":0.7719,"13":0.7071,"14":0.7682,"15":0.7723,"16":0.7799,"17":0.7841,"18":0.7618,"19":0.7707,"20":0.7748,"21":0.7812,"22":0.7495,"23":0.7885,"24":0.7906,"25":0.7969,"26":0.7947,"27":0.7823,"28":0.8025,"29":0.7832},"loss":{"0":1.5895639708,"1":1.207265983,"2":1.026515716,"3":0.9172311499,"4":0.8439941216,"5":0.7875395391,"6":0.7327612674,"7":0.6930492883,"8":0.6681177384,"9":0.6250133034,"10":0.6033145807,"11":0.5772943608,"12":0.555642942,"13":0.5330124781,"14":0.5105216087,"15":0.4942289982,"16":0.4830534536,"17":0.4701009174,"18":0.448344591,"19":0.4414300518,"20":0.4239491807,"21":0.4137328325,"22":0.3989824718,"23":0.3961686216,"24":0.379776569,"25":0.3748121283,"26":0.3605769501,"27":0.3504427241,"28":0.3469985554,"29":0.3387241214},"acc":{"0":0.42285,"1":0.5716,"2":0.64005,"3":0.680775,"4":0.7072,"5":0.725475,"6":0.747275,"7":0.7589,"8":0.768175,"9":0.784825,"10":0.790125,"11":0.797675,"12":0.807225,"13":0.813975,"14":0.82415,"15":0.82815,"16":0.83245,"17":0.836325,"18":0.8435,"19":0.847325,"20":0.852725,"21":0.857375,"22":0.8604,"23":0.86175,"24":0.868575,"25":0.8696,"26":0.87475,"27":0.878275,"28":0.878925,"29":0.881475}}