{"val_loss":{"0":1.6347890997,"1":1.4148084846,"2":1.3425028837,"3":1.2461755877,"4":1.1703674692,"5":1.1694212769,"6":1.1333766541,"7":1.0938047451,"8":1.051997633,"9":1.0094014898,"10":1.0150211357,"11":1.0014579353,"12":1.0359732334,"13":0.9631056274,"14":0.9923014248,"15":0.9453387936,"16":0.9143658237,"17":0.9135027748,"18":0.9166236031,"19":0.8935284531,"20":0.8911565201,"21":0.9084481024,"22":0.8966824921,"23":0.9055769493,"24":0.9401948435,"25":0.9022533409,"26":0.9186647337,"27":0.9358335575,"28":0.9517638962,"29":0.9865237112},"val_acc":{"0":0.4051,"1":0.4864,"2":0.5141,"3":0.5622,"4":0.5867,"5":0.5875,"6":0.5989,"7":0.6223,"8":0.6304,"9":0.6455,"10":0.6398,"11":0.6436,"12":0.6418,"13":0.663,"14":0.6592,"15":0.6731,"16":0.6822,"17":0.6892,"18":0.6824,"19":0.6966,"20":0.6973,"21":0.6959,"22":0.7025,"23":0.6977,"24":0.6864,"25":0.7104,"26":0.706,"27":0.7027,"28":0.7009,"29":0.6912},"loss":{"0":1.8373482281,"1":1.5006403078,"2":1.3532583183,"3":1.2625217766,"4":1.1868661695,"5":1.1236610773,"6":1.0747287931,"7":1.0324750282,"8":0.9843175139,"9":0.9536596478,"10":0.9136424767,"11":0.8847115005,"12":0.8561375957,"13":0.8244107201,"14":0.794283445,"15":0.7733082308,"16":0.7465126162,"17":0.7164077222,"18":0.688315843,"19":0.6670842976,"20":0.6461742723,"21":0.6157265097,"22":0.5964537334,"23":0.5782971732,"24":0.5517425678,"25":0.5269435956,"26":0.5114281204,"27":0.4885661045,"28":0.4726661942,"29":0.4416983237},"acc":{"0":0.32085,"1":0.453725,"2":0.510725,"3":0.5463,"4":0.576275,"5":0.60245,"6":0.621875,"7":0.636975,"8":0.6541,"9":0.6642,"10":0.6787,"11":0.689375,"12":0.7025,"13":0.7116,"14":0.72205,"15":0.72945,"16":0.741725,"17":0.74965,"18":0.762425,"19":0.772075,"20":0.777225,"21":0.787775,"22":0.794125,"23":0.79965,"24":0.810125,"25":0.818925,"26":0.824375,"27":0.83245,"28":0.8377,"29":0.847925}}