{"loss":{"0":1.4658711936,"1":1.0753034918,"2":0.8721050139,"3":0.7045250807,"4":0.5545848434,"5":0.4156992699,"6":0.3005108628,"7":0.2242269825,"8":0.1612773218,"9":0.1268153785,"10":0.1089287122,"11":0.1062983469,"12":0.0898058523,"13":0.0829998095,"14":0.0824675534,"15":0.0761893258,"16":0.0650234725,"17":0.0654228007,"18":0.0585749885,"19":0.062673179,"20":0.0623165761,"21":0.0528073947,"22":0.0498286915,"23":0.0499069931,"24":0.0573111511,"25":0.0459039062,"26":0.0476106177,"27":0.0443570843,"28":0.0447560948,"29":0.0443712612,"30":0.0408520818,"31":0.0411724726,"32":0.0307088142,"33":0.0344530244,"34":0.0443918393,"35":0.0370134935,"36":0.0324469421,"37":0.0346962398,"38":0.0302263671,"39":0.0356765937,"40":0.0381048228,"41":0.026010862,"42":0.0301593956,"43":0.0311942542,"44":0.0335260177,"45":0.0250638999,"46":0.0298076451,"47":0.0235302317,"48":0.0246930606,"49":0.0336112391},"acc":{"0":0.4726499915,"1":0.6151250005,"2":0.6938999891,"3":0.7523499727,"4":0.8067499995,"5":0.8544250131,"6":0.8953499794,"7":0.9198499918,"8":0.944149971,"9":0.9551500082,"10":0.9613500237,"11":0.9621750116,"12":0.9681000113,"13":0.9707999825,"14":0.9710749984,"15":0.9732499719,"16":0.9778500199,"17":0.977824986,"18":0.9804750085,"19":0.9780499935,"20":0.9795749784,"21":0.9811249971,"22":0.9822999835,"23":0.9830250144,"24":0.9793499708,"25":0.9838250279,"26":0.9836249948,"27":0.9841250181,"28":0.9843500257,"29":0.9854249954,"30":0.9862750173,"31":0.986225009,"32":0.9898999929,"33":0.9883249998,"34":0.9848250151,"35":0.987474978,"36":0.9890999794,"37":0.9883499742,"38":0.9898499846,"39":0.9883249998,"40":0.9869999886,"41":0.9913499951,"42":0.9894499779,"43":0.9896500111,"44":0.9887750149,"45":0.9915750027,"46":0.9903749824,"47":0.9921249747,"48":0.992075026,"49":0.9887499809},"val_loss":{"0":1.9984902132,"1":1.2704168212,"2":1.1719742662,"3":1.3404470134,"4":1.0524355912,"5":1.0439087951,"6":1.1525449485,"7":1.1795755047,"8":1.2654875016,"9":1.4051705569,"10":1.4147387546,"11":1.6295016527,"12":1.5485706162,"13":1.6125239992,"14":1.6050145018,"15":1.5186680305,"16":1.4935523063,"17":1.517771219,"18":1.5877382308,"19":1.6701787996,"20":1.4552054274,"21":1.9039772099,"22":1.6931199419,"23":1.6960877597,"24":1.6980596554,"25":1.8300723398,"26":1.659288767,"27":1.6674460167,"28":1.8930404484,"29":1.7667912239,"30":1.8601742774,"31":1.8287807643,"32":1.8097333097,"33":1.8697602123,"34":1.7318289667,"35":1.6862676162,"36":1.7396457267,"37":1.8542460227,"38":1.9688450074,"39":1.9087343109,"40":1.6731980312,"41":1.8093468624,"42":1.9786612535,"43":1.8760005951,"44":1.7629728329,"45":2.1923570287,"46":2.0222909343,"47":2.0272224379,"48":1.9750518835,"49":1.9580655921},"val_acc":{"0":0.2949000001,"1":0.5461999774,"2":0.5738000274,"3":0.5611000061,"4":0.6488999724,"5":0.6610999703,"6":0.6701999903,"7":0.6841999888,"8":0.6802999973,"9":0.6787999868,"10":0.6930999756,"11":0.6654999852,"12":0.6747999787,"13":0.6876999736,"14":0.6718999743,"15":0.6973999739,"16":0.7135000229,"17":0.6974999905,"18":0.7128000259,"19":0.6965000033,"20":0.7160000205,"21":0.6802999973,"22":0.7039999962,"23":0.6941000223,"24":0.6884999871,"25":0.6858999729,"26":0.7055000067,"27":0.7063000202,"28":0.689800024,"29":0.6883000135,"30":0.6963000298,"31":0.6873999834,"32":0.7110999823,"33":0.7134000063,"34":0.7052000165,"35":0.7235000134,"36":0.7024000287,"37":0.7063999772,"38":0.7003999949,"39":0.7027999759,"40":0.7120000124,"41":0.6949999928,"42":0.6891999841,"43":0.7160000205,"44":0.7107999921,"45":0.6746000051,"46":0.6922000051,"47":0.7008000016,"48":0.6883000135,"49":0.706700027}}