{"val_loss":{"0":1.5045845257,"1":1.3650395866,"2":1.0323367482,"3":0.9494439871,"4":0.8579255791,"5":0.8579471447,"6":0.7926224238,"7":0.8274434751,"8":0.7892139736,"9":0.7368326606,"10":0.6780372793,"11":0.6704729583,"12":0.8205078538,"13":0.8048706936,"14":0.7390159792,"15":0.7013144723,"16":0.7748302371,"17":0.7917505335,"18":0.7676810435,"19":0.7293487729,"20":0.6697153354,"21":0.6374563257,"22":0.6765233621,"23":0.6722850703,"24":0.7670376072,"25":0.6986838658,"26":0.705090703,"27":0.6946331805,"28":0.6892562643,"29":0.724214125},"val_acc":{"0":0.4465,"1":0.5178,"2":0.6343,"3":0.6681,"4":0.6951,"5":0.7026,"6":0.7251,"7":0.724,"8":0.7352,"9":0.7491,"10":0.7705,"11":0.778,"12":0.7282,"13":0.7423,"14":0.7646,"15":0.7737,"16":0.7634,"17":0.7623,"18":0.7687,"19":0.7778,"20":0.793,"21":0.7974,"22":0.7946,"23":0.8066,"24":0.783,"25":0.8003,"26":0.8032,"27":0.7994,"28":0.7942,"29":0.8036},"loss":{"0":1.5553838909,"1":1.2087978588,"2":1.0199686451,"3":0.8917333614,"4":0.7890187138,"5":0.7250718407,"6":0.6741437781,"7":0.6303923555,"8":0.5838194014,"9":0.5561212779,"10":0.5259440868,"11":0.4970092443,"12":0.4741446123,"13":0.4494894387,"14":0.4266539906,"15":0.4028269486,"16":0.3816543184,"17":0.3703685765,"18":0.3636140909,"19":0.3432797879,"20":0.3279538735,"21":0.3174762228,"22":0.2963342646,"23":0.2900294737,"24":0.2816813516,"25":0.2797805769,"26":0.263465516,"27":0.2594519753,"28":0.2491180937,"29":0.2442653141},"acc":{"0":0.4365735176,"1":0.5646569021,"2":0.6389195425,"3":0.6872742777,"4":0.7209319823,"5":0.7447331461,"6":0.7640700241,"7":0.7805226726,"8":0.7938152087,"9":0.805076244,"10":0.8137038523,"11":0.8236607143,"12":0.8332162921,"13":0.8429975923,"14":0.8500200642,"15":0.8563904494,"16":0.8650180578,"17":0.8702096709,"18":0.8724668941,"19":0.8773575441,"20":0.8848314607,"21":0.8890449438,"22":0.8947883226,"23":0.8954905698,"24":0.9000300963,"25":0.9029394061,"26":0.9080306982,"27":0.907905297,"28":0.9130467496,"29":0.9150782504}}