{"val_loss":{"0":2.5839615646,"1":1.703801685,"2":1.6863003952,"3":1.3987938398,"4":1.4003096775,"5":1.3865345898,"6":1.3747499842,"7":1.5738149281,"8":1.8217235125,"9":1.7303485497,"10":1.7779465324,"11":1.9974420712,"12":2.0350436897,"13":2.208697061,"14":2.3779850609,"15":2.0682899391,"16":2.3224178246,"17":2.5343050571,"18":2.3752100098,"19":2.4184800049,"20":2.733524482,"21":2.1470128918,"22":2.4682731163,"23":2.3255559792,"24":2.574075909,"25":2.3866248287,"26":2.6606519947,"27":2.3670332191,"28":2.6315395565,"29":2.3448444008},"val_acc":{"0":0.2648,"1":0.4975,"2":0.5054,"3":0.5977,"4":0.5937,"5":0.6267,"6":0.6277,"7":0.6196,"8":0.5456,"9":0.5923,"10":0.5718,"11":0.5992,"12":0.5994,"13":0.5874,"14":0.5825,"15":0.6071,"16":0.5886,"17":0.557,"18":0.5868,"19":0.5758,"20":0.5736,"21":0.6021,"22":0.5938,"23":0.6001,"24":0.5708,"25":0.6079,"26":0.5917,"27":0.6079,"28":0.5831,"29":0.6186},"loss":{"0":1.9443766203,"1":1.5572883814,"2":1.360309704,"3":1.2129995464,"4":1.0957411358,"5":0.9877160645,"6":0.8812907445,"7":0.7801476824,"8":0.6915452206,"9":0.6032540212,"10":0.5302172762,"11":0.47006585,"12":0.4257271424,"13":0.3948076822,"14":0.3689872251,"15":0.3511813962,"16":0.3408780489,"17":0.3412328461,"18":0.3448364071,"19":0.327129705,"20":0.3238659446,"21":0.3235622357,"22":0.3119274577,"23":0.3089273452,"24":0.3076330925,"25":0.3120824374,"26":0.3022528829,"27":0.2976114913,"28":0.3074487281,"29":0.2941577385},"acc":{"0":0.4123,"1":0.5536,"2":0.622125,"3":0.6738,"4":0.714675,"5":0.7547,"6":0.7931,"7":0.8281,"8":0.860425,"9":0.891825,"10":0.917575,"11":0.937975,"12":0.9536,"13":0.96315,"14":0.97115,"15":0.975175,"16":0.97745,"17":0.974925,"18":0.972525,"19":0.9779,"20":0.977525,"21":0.976525,"22":0.98125,"23":0.98035,"24":0.980325,"25":0.978175,"26":0.981975,"27":0.98315,"28":0.9781,"29":0.982375}}