{"val_loss":{"0":2.0338425243,"1":1.2502736465,"2":1.1270080425,"3":1.0058683263,"4":0.9350596939,"5":0.820920676,"6":0.8036391625,"7":0.7672517695,"8":0.7407543679,"9":0.7245617637,"10":0.7083011232,"11":0.6772675425,"12":0.6755251825,"13":0.6856626376,"14":0.6100784786,"15":0.5762996463,"16":0.5812920687,"17":0.5473362931,"18":0.5578158898,"19":0.5584960289,"20":0.546281921,"21":0.5648166828,"22":0.5382454062,"23":0.5575860192,"24":0.5442154037,"25":0.5773305903,"26":0.5188491035,"27":0.5545393301,"28":0.5503192353,"29":0.5581001019,"30":0.5228465546,"31":0.5147977406,"32":0.535911011,"33":0.5270737073,"34":0.5190707308,"35":0.5232852733,"36":0.5397625005,"37":0.5355657722,"38":0.51518908,"39":0.544228945,"40":0.5221736877,"41":0.5222418129,"42":0.5236791311,"43":0.5357774075,"44":0.5278536227,"45":0.5148904365,"46":0.5209196004,"47":0.5212989319,"48":0.5270264024,"49":0.5220371448,"50":0.5249521814,"51":0.5150766202,"52":0.5174530005,"53":0.5227489249,"54":0.531161211,"55":0.5299143694,"56":0.529577731,"57":0.525159846,"58":0.5284772592,"59":0.5332930357,"60":0.5358848817,"61":0.5346531248},"val_acc":{"0":0.2764,"1":0.5616,"2":0.5914,"3":0.6508,"4":0.6744,"5":0.7177,"6":0.7193,"7":0.7417,"8":0.7526,"9":0.7595,"10":0.7641,"11":0.7673,"12":0.7712,"13":0.7725,"14":0.7949,"15":0.8067,"16":0.8054,"17":0.8162,"18":0.8127,"19":0.8153,"20":0.8206,"21":0.816,"22":0.8221,"23":0.8137,"24":0.8224,"25":0.8091,"26":0.827,"27":0.821,"28":0.8222,"29":0.8256,"30":0.8333,"31":0.836,"32":0.8316,"33":0.8356,"34":0.8363,"35":0.8395,"36":0.8363,"37":0.8358,"38":0.8421,"39":0.8373,"40":0.8409,"41":0.8425,"42":0.8395,"43":0.8382,"44":0.8379,"45":0.8445,"46":0.8447,"47":0.847,"48":0.8448,"49":0.8445,"50":0.8451,"51":0.8497,"52":0.8447,"53":0.8486,"54":0.8469,"55":0.8479,"56":0.8469,"57":0.8469,"58":0.8474,"59":0.8467,"60":0.8483,"61":0.8472},"loss":{"0":1.7778008534,"1":1.4175377043,"2":1.2137065213,"3":1.088899427,"4":0.9840491132,"5":0.9107210062,"6":0.8420085764,"7":0.7955784249,"8":0.7498298396,"9":0.7175671699,"10":0.6825655061,"11":0.6588587037,"12":0.6337718489,"13":0.607866284,"14":0.5916255547,"15":0.5138739884,"16":0.475261705,"17":0.4621684796,"18":0.4433856654,"19":0.4279481918,"20":0.4164733886,"21":0.400806567,"22":0.390953675,"23":0.3928418176,"24":0.3795319282,"25":0.3656619267,"26":0.3593461618,"27":0.3456119787,"28":0.34261287,"29":0.3389800145,"30":0.2949983706,"31":0.2805368688,"32":0.271448722,"33":0.2702297592,"34":0.2605454917,"35":0.2524002668,"36":0.2480944067,"37":0.2409562164,"38":0.2382237996,"39":0.2368767067,"40":0.234394056,"41":0.22201633,"42":0.2225608779,"43":0.2149699486,"44":0.2181107596,"45":0.2013748224,"46":0.1882039885,"47":0.1866660141,"48":0.1840615187,"49":0.1842499499,"50":0.1765562325,"51":0.1766041523,"52":0.1745460552,"53":0.1657650756,"54":0.1672058315,"55":0.1652319795,"56":0.1617337227,"57":0.1641352393,"58":0.1583445434,"59":0.1532078215,"60":0.1510763788,"61":0.147673981},"acc":{"0":0.3467297676,"1":0.4833216292,"2":0.5665630016,"3":0.6192064607,"4":0.6606139647,"5":0.6879012841,"6":0.7116773676,"7":0.7291332263,"8":0.7463132022,"9":0.7577999599,"10":0.7691613162,"11":0.7770615971,"12":0.7848364767,"13":0.7932383628,"14":0.8002106742,"15":0.8232594302,"16":0.8373545345,"17":0.842671549,"18":0.8469853531,"19":0.8512239165,"20":0.8544843499,"21":0.8605788523,"22":0.8660714286,"23":0.8641151685,"24":0.8668238363,"25":0.8727427769,"26":0.8753511236,"27":0.8807182986,"28":0.8819221509,"29":0.8839285714,"30":0.8967195024,"31":0.9030397271,"32":0.9049458266,"33":0.9067516051,"34":0.9104384029,"35":0.9115419342,"36":0.9132724719,"37":0.9155798555,"38":0.917285313,"39":0.9190910915,"40":0.9184640851,"41":0.9224267657,"42":0.9223013644,"43":0.9249347913,"44":0.9228782103,"45":0.929399077,"46":0.933687801,"47":0.9347160915,"48":0.9353932584,"49":0.9351926164,"50":0.9370234751,"51":0.9381771669,"52":0.9390298957,"53":0.9414376003,"54":0.9417636437,"55":0.9407353531,"56":0.9428420947,"57":0.9419642857,"58":0.9442465891,"59":0.9474317817,"60":0.9469803371,"61":0.9480587881}}