{"val_loss":{"0":1.7411977772,"1":1.042378545,"2":0.9186080141,"3":0.8572638489,"4":0.7488374997,"5":0.8294007517,"6":0.7519349136,"7":0.736916599,"8":0.6845139996,"9":0.6410471981,"10":0.6844540056,"11":0.6431719715,"12":0.6108725163,"13":0.631968776,"14":0.6294557198,"15":0.6361015647,"16":0.6130243654,"17":0.6109204958,"18":0.7156122006,"19":0.6606435188,"20":0.6441144452,"21":0.6496720793,"22":0.628165097,"23":0.7136890283,"24":0.6654914224,"25":0.6840185253,"26":0.6073416208,"27":0.678184846,"28":0.6660993565,"29":0.7283889866},"val_acc":{"0":0.3733,"1":0.6369,"2":0.6838,"3":0.7099,"4":0.7365,"5":0.7202,"6":0.7468,"7":0.7531,"8":0.769,"9":0.7793,"10":0.7805,"11":0.7909,"12":0.7982,"13":0.794,"14":0.8063,"15":0.8004,"16":0.8048,"17":0.8062,"18":0.7909,"19":0.8041,"20":0.811,"21":0.8001,"22":0.8128,"23":0.8012,"24":0.8155,"25":0.8072,"26":0.8241,"27":0.8112,"28":0.8185,"29":0.8053},"loss":{"0":1.5276293594,"1":1.1406124415,"2":0.9493602549,"3":0.8307922123,"4":0.7457182707,"5":0.6861908895,"6":0.6380634276,"7":0.5822110714,"8":0.5472416375,"9":0.5175640536,"10":0.4879325017,"11":0.4564535001,"12":0.4358130335,"13":0.4129302318,"14":0.3950079466,"15":0.3749914863,"16":0.3505347423,"17":0.3430303965,"18":0.3269772591,"19":0.3101767699,"20":0.2998404725,"21":0.2839077782,"22":0.2781748371,"23":0.2736948542,"24":0.2639094189,"25":0.246898588,"26":0.2401920198,"27":0.2320063824,"28":0.2225321612,"29":0.2140748851},"acc":{"0":0.4439603365,"1":0.5924709069,"2":0.6653039727,"3":0.7090690209,"4":0.7398926565,"5":0.7604835474,"6":0.7774628812,"7":0.7964737159,"8":0.8092144864,"9":0.8192716693,"10":0.828024679,"11":0.841116573,"12":0.8469853531,"13":0.8555377207,"14":0.8600521669,"15":0.8682032504,"16":0.8767305377,"17":0.8791884029,"18":0.8833768058,"19":0.8922050562,"20":0.8944873596,"21":0.8984751204,"22":0.9018358748,"23":0.9043439005,"24":0.907905297,"25":0.9136988363,"26":0.9153792135,"27":0.9199438202,"28":0.9221759631,"29":0.9251354334}}