{"val_loss":{"0":1.8103133232,"1":1.1516595463,"2":1.4097647449,"3":1.2107930798,"4":0.9604908333,"5":0.7821736162,"6":1.0740616554,"7":0.8142789938,"8":0.8069532187,"9":0.8046623766,"10":0.8325356621,"11":0.7368348587,"12":0.8145943893,"13":0.8405709118,"14":0.6772281518,"15":0.7110823403,"16":0.789689525,"17":0.6978536747,"18":0.7512564651,"19":0.8405687042,"20":0.8262619534,"21":0.8174987507,"22":0.6732449616,"23":0.7533788835,"24":0.7083075413,"25":0.7437883296,"26":0.9121038548,"27":0.7713768723,"28":0.7359172656,"29":0.8801622385},"val_acc":{"0":0.4109,"1":0.5939,"2":0.5723,"3":0.6058,"4":0.671,"5":0.7351,"6":0.6386,"7":0.7296,"8":0.7326,"9":0.7511,"10":0.7346,"11":0.7589,"12":0.74,"13":0.7469,"14":0.7828,"15":0.7763,"16":0.7592,"17":0.7912,"18":0.7812,"19":0.7734,"20":0.762,"21":0.7654,"22":0.8122,"23":0.7885,"24":0.8057,"25":0.8047,"26":0.7727,"27":0.8015,"28":0.8063,"29":0.7877},"loss":{"0":2.3803698734,"1":1.2346757237,"2":1.0257589119,"3":0.8983325382,"4":0.8154824972,"5":0.7412489508,"6":0.6854947539,"7":0.6365633213,"8":0.6066591087,"9":0.5535059068,"10":0.5374995118,"11":0.5036308882,"12":0.4824583345,"13":0.4436746984,"14":0.4252137756,"15":0.4125387807,"16":0.3924216116,"17":0.3701840848,"18":0.3480039414,"19":0.3346742424,"20":0.3231437918,"21":0.3019088957,"22":0.2950947098,"23":0.2801158306,"24":0.2778655703,"25":0.2649623024,"26":0.251144088,"27":0.2431114028,"28":0.2478860425,"29":0.2277420089},"acc":{"0":0.390249399,"1":0.5571077448,"2":0.6339787319,"3":0.6828350722,"4":0.713182183,"5":0.7396669342,"6":0.7602076645,"7":0.7761336276,"8":0.7878962681,"9":0.8051013242,"10":0.81152187,"11":0.8240118379,"12":0.8302317416,"13":0.8440509631,"14":0.852151886,"15":0.8552618379,"16":0.8625100321,"17":0.8701344302,"18":0.8778842295,"19":0.8820726324,"20":0.8873144061,"21":0.8926063403,"22":0.895315008,"23":0.9029895666,"24":0.9034410112,"25":0.9089335875,"26":0.9131721509,"27":0.9155547753,"28":0.9142756822,"29":0.9213984751}}