{"val_loss":{"0":2.8371358376,"1":1.5369322708,"2":1.1618783279,"3":1.0335189034,"4":1.1499111526,"5":1.052720438,"6":1.1485141769,"7":1.2901994915,"8":1.5805739166,"9":1.4353552803,"10":1.5012198963,"11":1.4243328426,"12":1.652246365,"13":1.7044825371,"14":1.7332235497,"15":1.6138520824,"16":1.8962104683,"17":1.7609919044,"18":1.6226108191,"19":1.7867794434,"20":1.7702177078,"21":1.6587882504,"22":1.9831102444,"23":1.6877992119,"24":1.6354789326,"25":1.7490252728,"26":1.7978378357,"27":1.8023912636,"28":1.7945371056,"29":2.0156848261,"30":1.7258054077,"31":1.7763712322,"32":1.9502814306,"33":1.7789996674,"34":1.8094391319},"val_acc":{"0":0.2,"1":0.4732,"2":0.6048,"3":0.6477,"4":0.6264,"5":0.6767,"6":0.6661,"7":0.6497,"8":0.6377,"9":0.6693,"10":0.6805,"11":0.6883,"12":0.6552,"13":0.6776,"14":0.6813,"15":0.6925,"16":0.6741,"17":0.6555,"18":0.6822,"19":0.6781,"20":0.6757,"21":0.6979,"22":0.6763,"23":0.692,"24":0.7031,"25":0.6974,"26":0.6693,"27":0.6944,"28":0.6906,"29":0.6725,"30":0.6919,"31":0.6908,"32":0.6817,"33":0.6948,"34":0.6994},"loss":{"0":1.4173207985,"1":1.0718555866,"2":0.8707776942,"3":0.7073023657,"4":0.5641869169,"5":0.4209630859,"6":0.3039589232,"7":0.2343864344,"8":0.1739808085,"9":0.1371425577,"10":0.1045751296,"11":0.1066349809,"12":0.0903022271,"13":0.0848680023,"14":0.0739208312,"15":0.0711315696,"16":0.0643862795,"17":0.0796504838,"18":0.0632070158,"19":0.0482503112,"20":0.0710492466,"21":0.0506798326,"22":0.0569653077,"23":0.051643362,"24":0.0505777691,"25":0.0472368922,"26":0.053680565,"27":0.0445872816,"28":0.0435043521,"29":0.0386866807,"30":0.0443750852,"31":0.0358047902,"32":0.0400510882,"33":0.0422234547,"34":0.0388110948},"acc":{"0":0.48625,"1":0.614925,"2":0.692125,"3":0.7514,"4":0.801475,"5":0.851275,"6":0.893,"7":0.916125,"8":0.937375,"9":0.951725,"10":0.96305,"11":0.962875,"12":0.969025,"13":0.97095,"14":0.973975,"15":0.975025,"16":0.977175,"17":0.971725,"18":0.97825,"19":0.983125,"20":0.9752,"21":0.982525,"22":0.981275,"23":0.981475,"24":0.9826,"25":0.984,"26":0.9817,"27":0.984425,"28":0.98525,"29":0.986975,"30":0.984975,"31":0.9874,"32":0.98595,"33":0.98575,"34":0.987075}}