{"val_loss":{"0":3.0141027084,"1":1.3177006866,"2":1.2197963299,"3":1.1861623005,"4":1.0199857359,"5":1.0767065941,"6":0.9233191259,"7":0.929553296,"8":1.0153162039,"9":0.8489775441,"10":1.1406337708,"11":0.9111350829,"12":0.8809447642,"13":0.8769517839,"14":0.8589278415,"15":0.8960030091,"16":0.7922539763,"17":0.7636235489,"18":0.8985814601,"19":0.7802172226,"20":0.7794191923,"21":0.7621025551,"22":0.8047718021,"23":0.8851578345,"24":0.7823219511,"25":0.795624889,"26":0.8663751679,"27":0.7966529799,"28":0.7897186584,"29":0.8999737148},"val_acc":{"0":0.1409,"1":0.5294,"2":0.5645,"3":0.5739,"4":0.6325,"5":0.626,"6":0.6736,"7":0.6736,"8":0.645,"9":0.7029,"10":0.6311,"11":0.6817,"12":0.7006,"13":0.6936,"14":0.7059,"15":0.7054,"16":0.7301,"17":0.7425,"18":0.7085,"19":0.7401,"20":0.739,"21":0.7487,"22":0.7347,"23":0.7164,"24":0.7455,"25":0.7422,"26":0.7281,"27":0.7475,"28":0.7464,"29":0.7293},"loss":{"0":1.5508727236,"1":1.2736480077,"2":1.1438164374,"3":1.063276687,"4":0.9982217759,"5":0.9457750556,"6":0.8904980509,"7":0.8557197998,"8":0.8127254647,"9":0.7875646083,"10":0.7465075778,"11":0.7111790279,"12":0.6899523226,"13":0.664406327,"14":0.6459670954,"15":0.6184094799,"16":0.5981392744,"17":0.5728237493,"18":0.5502306298,"19":0.5336621912,"20":0.5181058109,"21":0.5062166438,"22":0.4808870202,"23":0.4686672307,"24":0.4467985302,"25":0.4486761655,"26":0.422891188,"27":0.4084968652,"28":0.3958283341,"29":0.3866283689},"acc":{"0":0.4371494391,"1":0.5407804976,"2":0.5896368379,"3":0.6195575843,"4":0.6451896067,"5":0.6639997994,"6":0.6839636838,"7":0.6963784109,"8":0.711426565,"9":0.7198033708,"10":0.7355788523,"11":0.7481691413,"12":0.7551163724,"13":0.7661266051,"14":0.7720204655,"15":0.7818017657,"16":0.7899528491,"17":0.7980036116,"18":0.8062048555,"19":0.8104935795,"20":0.8196980337,"21":0.8214034912,"22":0.8301063403,"23":0.8320124398,"24":0.840138443,"25":0.8418689807,"26":0.8503210273,"27":0.8559390048,"28":0.8602778892,"29":0.8615569823}}