{"val_loss":{"0":2.1569949533,"1":1.2401499969,"2":1.1055659787,"3":1.043682114,"4":0.9267833501,"5":0.8633619723,"6":0.8472791299,"7":0.7908581697,"8":0.7633100842,"9":0.7577533456,"10":0.64039208,"11":0.62352318,"12":0.6160543813,"13":0.5963636431,"14":0.6030750631,"15":0.6021402143,"16":0.5975055163,"17":0.6222445671,"18":0.5796297894,"19":0.5772833954,"20":0.5397760055,"21":0.5346084897,"22":0.5228624204,"23":0.5362073046,"24":0.5335737623,"25":0.5265811401,"26":0.534537848,"27":0.5307596951,"28":0.5436185594,"29":0.5642055517,"30":0.5231545002,"31":0.5219329704,"32":0.5210596055,"33":0.5266991974,"34":0.5197741464,"35":0.5328277323,"36":0.5327395939,"37":0.5293462789,"38":0.5234921303,"39":0.519305553,"40":0.5248837358,"41":0.5269047308,"42":0.5318288858,"43":0.5234600077,"44":0.5318377102,"45":0.5314475758,"46":0.5311639727,"47":0.5350742912,"48":0.5312805618,"49":0.5383204551,"50":0.5286873244,"51":0.5315491362,"52":0.5323495193,"53":0.5306939512,"54":0.5341405864,"55":0.5319476313,"56":0.5343327148,"57":0.5320013715,"58":0.5370732638,"59":0.5365501569,"60":0.5352969006,"61":0.5360155269,"62":0.5343415617,"63":0.5362601902,"64":0.5350062347,"65":0.5330188456,"66":0.5374391811,"67":0.5364785698,"68":0.5359108266,"69":0.5362008948},"val_acc":{"0":0.2237,"1":0.5571,"2":0.6076,"3":0.6311,"4":0.6737,"5":0.6999,"6":0.7109,"7":0.726,"8":0.7407,"9":0.7344,"10":0.7767,"11":0.7832,"12":0.7881,"13":0.7957,"14":0.7933,"15":0.7943,"16":0.7938,"17":0.7853,"18":0.8064,"19":0.8017,"20":0.8196,"21":0.8202,"22":0.8236,"23":0.8201,"24":0.8236,"25":0.8267,"26":0.8238,"27":0.824,"28":0.8255,"29":0.8183,"30":0.8305,"31":0.8325,"32":0.8319,"33":0.8326,"34":0.8352,"35":0.8328,"36":0.8323,"37":0.8342,"38":0.8333,"39":0.8346,"40":0.8362,"41":0.8352,"42":0.8339,"43":0.8353,"44":0.8326,"45":0.835,"46":0.8369,"47":0.8354,"48":0.8366,"49":0.8346,"50":0.8381,"51":0.8374,"52":0.8388,"53":0.8385,"54":0.8393,"55":0.838,"56":0.8371,"57":0.8388,"58":0.8396,"59":0.8392,"60":0.839,"61":0.8388,"62":0.8402,"63":0.8398,"64":0.8401,"65":0.8412,"66":0.8404,"67":0.8394,"68":0.84,"69":0.8406},"loss":{"0":1.7767737657,"1":1.4129108613,"2":1.2115629701,"3":1.073552567,"4":0.9815401499,"5":0.8975781388,"6":0.8423762293,"7":0.7902035811,"8":0.751503632,"9":0.7247939733,"10":0.6237726381,"11":0.5766305204,"12":0.5620898892,"13":0.5319444491,"14":0.519659171,"15":0.5019886073,"16":0.4870549489,"17":0.475986393,"18":0.4658309592,"19":0.4459003783,"20":0.3985940039,"21":0.3735646722,"22":0.3687129191,"23":0.351331537,"24":0.3490503567,"25":0.3353727026,"26":0.3263932685,"27":0.3264530922,"28":0.3116058973,"29":0.3133894005,"30":0.282252781,"31":0.2748774045,"32":0.2686486284,"33":0.2631533995,"34":0.2598866745,"35":0.2503350666,"36":0.2524480937,"37":0.2471056062,"38":0.2390256963,"39":0.2389068457,"40":0.2278753103,"41":0.21692625,"42":0.2163580853,"43":0.2207916335,"44":0.2148316556,"45":0.2098927938,"46":0.2084744718,"47":0.2055729965,"48":0.2050921931,"49":0.2036071519,"50":0.1994240999,"51":0.195263935,"52":0.1959038926,"53":0.1935137798,"54":0.190646984,"55":0.1910523184,"56":0.1921500326,"57":0.1904398811,"58":0.1835898178,"59":0.185865375,"60":0.1839203183,"61":0.1791165549,"62":0.1843195971,"63":0.1802181801,"64":0.1811867718,"65":0.1823807054,"66":0.1822110015,"67":0.1801161157,"68":0.1785385162,"69":0.1787191191},"acc":{"0":0.3484575321,"1":0.4847010433,"2":0.5673404896,"3":0.6261035313,"4":0.6612911316,"5":0.6913372793,"6":0.7142355538,"7":0.7282804976,"8":0.743454053,"9":0.7536867978,"10":0.7873946629,"11":0.8027186998,"12":0.8072582263,"13":0.8173655698,"14":0.8189707063,"15":0.8294793339,"16":0.8333416934,"17":0.8379313804,"18":0.8381320225,"19":0.8462831059,"20":0.8636888042,"21":0.8705357143,"22":0.8721408507,"23":0.8779845506,"24":0.8771318218,"25":0.8849067014,"26":0.8847060594,"27":0.8872391653,"28":0.8899478331,"29":0.8900983146,"30":0.9011336276,"31":0.9035664125,"32":0.9075792536,"33":0.9072030498,"34":0.908883427,"35":0.9122441814,"36":0.9102377608,"37":0.9133727929,"38":0.9162821027,"39":0.9167084671,"40":0.9200943018,"41":0.9214486356,"42":0.9258126003,"43":0.9222010433,"44":0.9240569823,"45":0.9263894462,"46":0.9270666132,"47":0.9290730337,"48":0.9274177368,"49":0.9286215891,"50":0.9305026083,"51":0.9307534109,"52":0.9317566212,"53":0.9317064607,"54":0.9323334671,"55":0.933988764,"56":0.9311797753,"57":0.9321829856,"58":0.9332614366,"59":0.9335874799,"60":0.9362209069,"61":0.9369983949,"62":0.9354434189,"63":0.9349418138,"64":0.9356189807,"65":0.9352176966,"66":0.9346910112,"67":0.9361456661,"68":0.9354183387,"69":0.936622191}}