{"val_loss":{"0":4.4859005287,"1":4.1941809723,"2":3.9637068291,"3":1.452066547,"4":1.0869653639,"5":1.3327394665,"6":1.6033786378,"7":0.9681214098,"8":0.9727333675,"9":0.8551119835,"10":0.8399341958,"11":0.8651883614,"12":0.9865599289,"13":0.8042721643,"14":0.8511994181,"15":0.7725267203,"16":0.7073177254,"17":0.8547690974,"18":0.9743191458,"19":0.7953091177,"20":0.6730473766,"21":0.7440479942,"22":0.7102893901,"23":0.7524347485,"24":0.6977340034,"25":0.7287678646,"26":0.8635905973,"27":0.908345312,"28":0.8552104095,"29":0.8294699572},"val_acc":{"0":0.3259,"1":0.4258,"2":0.5143,"3":0.521,"4":0.6364,"5":0.5968,"6":0.5645,"7":0.6912,"8":0.6837,"9":0.7212,"10":0.7238,"11":0.7197,"12":0.6932,"13":0.7447,"14":0.7337,"15":0.7535,"16":0.7754,"17":0.757,"18":0.7263,"19":0.7633,"20":0.7915,"21":0.7886,"22":0.7927,"23":0.7911,"24":0.7913,"25":0.7879,"26":0.7797,"27":0.7695,"28":0.7696,"29":0.7921},"loss":{"0":4.6879463242,"1":4.2574895404,"2":4.1136900051,"3":2.0665901899,"4":0.9658483397,"5":0.8574002083,"6":0.7988932278,"7":0.7551962838,"8":0.7034476403,"9":0.6670453078,"10":0.6251954611,"11":0.5939741205,"12":0.5635890084,"13":0.5520090144,"14":0.5224093616,"15":0.5010875415,"16":0.464741218,"17":0.4564391093,"18":0.4331550127,"19":0.412158293,"20":0.3988695495,"21":0.3759119599,"22":0.3726193418,"23":0.3439407448,"24":0.3434705099,"25":0.3306337528,"26":0.3217401196,"27":0.3162514598,"28":0.3016059776,"29":0.2852452519},"acc":{"0":0.3278745994,"1":0.4173605538,"2":0.4775280899,"3":0.5772221108,"4":0.6611406501,"5":0.6999147271,"6":0.7219602729,"7":0.7378360754,"8":0.7567716693,"9":0.7680828652,"10":0.7827798957,"11":0.7929624799,"12":0.8057283307,"13":0.8084871589,"14":0.8186446629,"15":0.8282002408,"16":0.8383577448,"17":0.8412168941,"18":0.8500451445,"19":0.8559891653,"20":0.8611807785,"21":0.8700842697,"22":0.8707363563,"23":0.8808186196,"24":0.8821227929,"25":0.8835523676,"26":0.8903491172,"27":0.8920545746,"28":0.8967696629,"29":0.901660313}}