{"val_loss":{"0":2.2794912457,"1":1.2647388552,"2":1.0805338459,"3":0.9974228428,"4":0.9187408068,"5":0.8317171309,"6":0.8762355759,"7":0.77987853,"8":0.8255895849,"9":0.7218027606,"10":0.6477161174,"11":0.6240206502,"12":0.6091186973,"13":0.610984254,"14":0.5806476477,"15":0.581684877,"16":0.5977210603,"17":0.5563778077,"18":0.5516011291,"19":0.5633487212,"20":0.547597244,"21":0.5255105085,"22":0.5487492247,"23":0.5316721541,"24":0.5189891258,"25":0.5222453064,"26":0.5278376043,"27":0.5261366846,"28":0.5104333731,"29":0.5106566038},"val_acc":{"0":0.2236,"1":0.5445,"2":0.6218,"3":0.6496,"4":0.6747,"5":0.7025,"6":0.6917,"7":0.7322,"8":0.7194,"9":0.7541,"10":0.7812,"11":0.7902,"12":0.7928,"13":0.7927,"14":0.8028,"15":0.8028,"16":0.796,"17":0.8143,"18":0.813,"19":0.8117,"20":0.8163,"21":0.8224,"22":0.8189,"23":0.8224,"24":0.8284,"25":0.8308,"26":0.8261,"27":0.8268,"28":0.8313,"29":0.8299},"loss":{"0":1.7945672472,"1":1.4215363553,"2":1.2238680622,"3":1.0870193822,"4":0.9866471105,"5":0.9050177747,"6":0.842037333,"7":0.8005232636,"8":0.7559505733,"9":0.7266885973,"10":0.6239792909,"11":0.5861070451,"12":0.5576731598,"13":0.5399954331,"14":0.52239779,"15":0.5076309129,"16":0.4930686647,"17":0.4732889898,"18":0.460421171,"19":0.4488305774,"20":0.4071143107,"21":0.3805016351,"22":0.3687101259,"23":0.3541881995,"24":0.3542700555,"25":0.3414572955,"26":0.3308708307,"27":0.3314550074,"28":0.3135614264,"29":0.3164296043},"acc":{"0":0.3416215946,"1":0.4812901284,"2":0.5644060995,"3":0.6170746388,"4":0.6560242777,"5":0.6876504815,"6":0.7104233547,"7":0.7283055778,"8":0.7420997191,"9":0.7549658909,"10":0.7854133226,"11":0.8002859149,"12":0.8090640048,"13":0.8152588283,"14":0.8207263242,"15":0.8251404494,"16":0.8311346308,"17":0.8373294543,"18":0.8418689807,"19":0.8461577047,"20":0.8585222713,"21":0.8675010032,"22":0.8727427769,"23":0.8775581862,"24":0.8762038523,"25":0.8791633226,"26":0.8861105538,"27":0.8829755217,"28":0.8906751605,"29":0.8901735554}}