{"val_loss":{"0":2.777961676,"1":1.6519394224,"2":1.4100454617,"3":1.1467248814,"4":0.9736989106,"5":0.9807866787,"6":1.0171208847,"7":1.0093489793,"8":0.7871327408,"9":0.7381708986,"10":0.7325231666,"11":0.7620272343,"12":0.722323361,"13":0.7150421194,"14":0.6957029959,"15":0.8755936504,"16":0.73636935,"17":0.746214177,"18":0.8246226557,"19":0.7316646134,"20":0.7367135919,"21":0.8898632795,"22":0.6901755266,"23":0.7257178668,"24":0.7120376299,"25":1.1036768989,"26":0.7984318586,"27":0.7102632765,"28":0.8085493872,"29":0.7401249846},"val_acc":{"0":0.2096,"1":0.4621,"2":0.5354,"3":0.6012,"4":0.6612,"5":0.6625,"6":0.6671,"7":0.6563,"8":0.7284,"9":0.7489,"10":0.748,"11":0.7459,"12":0.7584,"13":0.7629,"14":0.7668,"15":0.7141,"16":0.7599,"17":0.7609,"18":0.7482,"19":0.7711,"20":0.7665,"21":0.7218,"22":0.7819,"23":0.7811,"24":0.7839,"25":0.7191,"26":0.7663,"27":0.7897,"28":0.7738,"29":0.7935},"loss":{"0":1.5029579447,"1":1.190207883,"2":1.0403655486,"3":0.9357482558,"4":0.8546079996,"5":0.7934865483,"6":0.7386783128,"7":0.6969914709,"8":0.6533094046,"9":0.6248059345,"10":0.5866365977,"11":0.5530973875,"12":0.5293991812,"13":0.4963216621,"14":0.4722690972,"15":0.4571398199,"16":0.4341005755,"17":0.4103869584,"18":0.3890995727,"19":0.3799878897,"20":0.3583102326,"21":0.3475941128,"22":0.331220967,"23":0.3127410271,"24":0.3078200436,"25":0.2866975175,"26":0.2759833862,"27":0.268374383,"28":0.2576985634,"29":0.2417454624},"acc":{"0":0.4534004407,"1":0.5715038122,"2":0.6282353531,"3":0.6668338684,"4":0.6962028491,"5":0.7203551364,"6":0.7392405698,"7":0.7523324639,"8":0.7698384831,"9":0.7789426164,"10":0.792285313,"11":0.8066813804,"12":0.8121488764,"13":0.825491573,"14":0.8336677368,"15":0.8376554976,"16":0.8480387239,"17":0.8550361156,"18":0.8612810995,"19":0.8656199839,"20":0.8740720305,"21":0.8745736356,"22":0.8831510835,"23":0.889847512,"24":0.8918539326,"25":0.898048756,"26":0.9024127207,"27":0.9067014446,"28":0.9105888844,"29":0.9138242376}}