{"val_loss":{"0":1.7420986683,"1":1.4254004013,"2":1.3300028282,"3":1.3055569004,"4":1.1671040174,"5":1.0492229788,"6":1.4021501534,"7":1.0543225624,"8":1.0185889454,"9":1.0409143576,"10":1.0763687502,"11":1.1020938028,"12":1.0135203094,"13":0.8963611437,"14":0.8922156826,"15":1.139588448,"16":1.1172518877,"17":0.9417928109,"18":1.172701331,"19":1.0059877866,"20":1.0172130092,"21":0.8704332085,"22":0.9373877693,"23":1.3383037189,"24":0.8466736474,"25":0.8213832205,"26":0.9467394156,"27":0.9684151104,"28":0.9808045897,"29":0.8718911509},"val_acc":{"0":0.3752,"1":0.4897,"2":0.5256,"3":0.5442,"4":0.5878,"5":0.6311,"6":0.5359,"7":0.625,"8":0.652,"9":0.6524,"10":0.6361,"11":0.638,"12":0.6643,"13":0.688,"14":0.6904,"15":0.6271,"16":0.6414,"17":0.686,"18":0.6173,"19":0.6748,"20":0.6592,"21":0.7095,"22":0.6874,"23":0.5898,"24":0.7117,"25":0.7261,"26":0.6906,"27":0.6848,"28":0.678,"29":0.7062},"loss":{"0":1.8236178106,"1":1.4115336645,"2":1.2645274188,"3":1.1518241487,"4":1.0665520801,"5":1.008879377,"6":0.9558919245,"7":0.9233166899,"8":0.8854686581,"9":0.8531593741,"10":0.8317181183,"11":0.8210169335,"12":0.8074420509,"13":0.7869567004,"14":0.7751717905,"15":0.7668615038,"16":0.7477581061,"17":0.7391315916,"18":0.7254751917,"19":0.7271088995,"20":0.7134385093,"21":0.710829226,"22":0.697195648,"23":0.6995521711,"24":0.6925192156,"25":0.6781828761,"26":0.6869476998,"27":0.6767015528,"28":0.6581264609,"29":0.6713721316},"acc":{"0":0.3525891426,"1":0.4880116372,"2":0.5459470305,"3":0.5889847512,"4":0.620410313,"5":0.6424307785,"6":0.6615670144,"7":0.6744582665,"8":0.6869231541,"9":0.7007423756,"10":0.7073384831,"11":0.7112008427,"12":0.7172702648,"13":0.723339687,"14":0.7276785714,"15":0.7326946228,"16":0.7362810995,"17":0.7389897673,"18":0.7459620787,"19":0.7422752809,"20":0.7490720305,"21":0.7508276485,"22":0.7563202247,"23":0.7494733146,"24":0.755467496,"25":0.7611857945,"26":0.7580256822,"27":0.7611857945,"28":0.7683838283,"29":0.7625902889}}