{"val_loss":{"0":2.3142683895,"1":1.6531225708,"2":1.5305464935,"3":1.4922023062,"4":1.5058057314,"5":1.4450043493,"6":1.3633180708,"7":1.3274668133,"8":1.6530788639,"9":1.2909589149,"10":1.3594296293,"11":2.2392116119,"12":1.2063060848,"13":1.4940680721,"14":1.5794954403,"15":1.1934024639,"16":1.1572632542,"17":1.3215367722,"18":1.1627178864,"19":1.2265406998,"20":1.2499472748,"21":1.1112290268,"22":1.173676293,"23":1.2161043247,"24":1.3169778992,"25":1.6933978798,"26":1.1274332184,"27":1.0418149305,"28":1.043135845,"29":1.327676869},"val_acc":{"0":0.0952,"1":0.4128,"2":0.4432,"3":0.4508,"4":0.4497,"5":0.4724,"6":0.505,"7":0.5221,"8":0.4204,"9":0.5313,"10":0.511,"11":0.309,"12":0.5667,"13":0.4837,"14":0.4714,"15":0.569,"16":0.5867,"17":0.5263,"18":0.5797,"19":0.5637,"20":0.562,"21":0.6003,"22":0.5857,"23":0.5671,"24":0.5329,"25":0.4616,"26":0.6016,"27":0.6277,"28":0.6251,"29":0.5446},"loss":{"0":1.9691546491,"1":1.7010509979,"2":1.5822717045,"3":1.5094850511,"4":1.4585583329,"5":1.420061631,"6":1.3790801054,"7":1.3506881971,"8":1.322632882,"9":1.3006615742,"10":1.2720250525,"11":1.2443825517,"12":1.2291122093,"13":1.2110210762,"14":1.1885735903,"15":1.1698315274,"16":1.1594136544,"17":1.1441415765,"18":1.1230480638,"19":1.1166036705,"20":1.1034650297,"21":1.08720013,"22":1.0694256139,"23":1.0656145759,"24":1.0506124468,"25":1.0412250675,"26":1.0297195439,"27":1.0128421328,"28":1.0022154518,"29":0.9979953971},"acc":{"0":0.294521234,"1":0.3918539326,"2":0.4304022873,"3":0.4524729133,"4":0.4732895265,"5":0.487008427,"6":0.5047903291,"7":0.5139195425,"8":0.5246789727,"9":0.5349869583,"10":0.5452698636,"11":0.5538473114,"12":0.56152187,"13":0.5674408106,"14":0.5777989567,"15":0.584570626,"16":0.5874799358,"17":0.5905146469,"18":0.5996940209,"19":0.6034811396,"20":0.6079203451,"21":0.6140900883,"22":0.6216141653,"23":0.6239466292,"24":0.6277086677,"25":0.6330507624,"26":0.6363362761,"27":0.641402488,"28":0.6446127608,"29":0.6492776886}}