{"loss":{"0":2.11065615,"1":1.5989329094,"2":1.4529904106,"3":1.3615801838,"4":1.2812657261,"5":1.2200812615,"6":1.1689912264,"7":1.1200444174,"8":1.0754424703,"9":1.0319386061,"10":0.9975609843,"11":0.958921113,"12":0.9253998336,"13":0.8909437524,"14":0.8608744846,"15":0.831242397,"16":0.7973759735,"17":0.773222225,"18":0.7462569594,"19":0.7233790113,"20":0.6964523535,"21":0.6670393807,"22":0.6398417347,"23":0.6172876195,"24":0.5925465956,"25":0.5745310894,"26":0.5504972856,"27":0.5269707258,"28":0.5060182151,"29":0.4809599192,"30":0.4612856536,"31":0.4384851774,"32":0.4207717006,"33":0.4000049786,"34":0.379858136,"35":0.3543705915,"36":0.3421047223,"37":0.319946988,"38":0.3003681923,"39":0.2851214454,"40":0.2662413354,"41":0.2468472335,"42":0.2268441396,"43":0.2174540512,"44":0.1957404876,"45":0.1922311644,"46":0.1734638199,"47":0.1561559429,"48":0.1395350696,"49":0.1397495675},"acc":{"0":0.2498250008,"1":0.4136500061,"2":0.4729749858,"3":0.5109249949,"4":0.5454000235,"5":0.5652999878,"6":0.5853000283,"7":0.6045749784,"8":0.6207249761,"9":0.6385750175,"10":0.6503250003,"11":0.6658250093,"12":0.6729750037,"13":0.6871749759,"14":0.6980000138,"15":0.7095249891,"16":0.7231500149,"17":0.7314749956,"18":0.7406499982,"19":0.7487499714,"20":0.7581250072,"21":0.7687500119,"22":0.7784500122,"23":0.7851250172,"24":0.7939249873,"25":0.8007249832,"26":0.8087750077,"27":0.8175749779,"28":0.824450016,"29":0.8338999748,"30":0.8416500092,"31":0.8476750255,"32":0.8541749716,"33":0.8640750051,"34":0.8701000214,"35":0.8786000013,"36":0.882224977,"37":0.8923749924,"38":0.8981999755,"39":0.9031999707,"40":0.9099749923,"41":0.9157000184,"42":0.9249250293,"43":0.927974999,"44":0.935675025,"45":0.9362499714,"46":0.9432250261,"47":0.9498000145,"48":0.9565500021,"49":0.9541249871},"val_loss":{"0":1.694433167,"1":1.5217699504,"2":1.4302315509,"3":1.3381110966,"4":1.266314075,"5":1.2207275832,"6":1.1769626004,"7":1.1483241105,"8":1.1198374146,"9":1.1088266176,"10":1.069378444,"11":1.0537468374,"12":1.0461971509,"13":1.0022135389,"14":1.0659162462,"15":0.9681161582,"16":0.9718866116,"17":0.9488464326,"18":0.9615918273,"19":0.9702890056,"20":0.9743885398,"21":0.9280749077,"22":0.9696315211,"23":0.9442547178,"24":0.9307193089,"25":0.9758702183,"26":0.9338566989,"27":0.9671379524,"28":0.9766825157,"29":0.9636041492,"30":1.0114202744,"31":0.9856395841,"32":1.0118711317,"33":1.0177819234,"34":1.0704522455,"35":1.0526975417,"36":1.095081892,"37":1.1212863207,"38":1.1474328226,"39":1.1764572632,"40":1.2805805624,"41":1.2222008634,"42":1.3119725591,"43":1.3665116531,"44":1.362501331,"45":1.3598093373,"46":1.3850835305,"47":1.4555842292,"48":1.5329961216,"49":1.5568383253},"val_acc":{"0":0.3758000135,"1":0.4384999871,"2":0.4774000049,"3":0.5141000152,"4":0.5514000058,"5":0.5680000186,"6":0.5842000246,"7":0.5985000134,"8":0.605700016,"9":0.6085000038,"10":0.6233000159,"11":0.6276000142,"12":0.6359999776,"13":0.6485999823,"14":0.622699976,"15":0.6610999703,"16":0.6617000103,"17":0.6733000278,"18":0.6704999804,"19":0.6707000136,"20":0.6711000204,"21":0.6873999834,"22":0.6772000194,"23":0.6812000275,"24":0.6920999885,"25":0.682099998,"26":0.6953999996,"27":0.6902999878,"28":0.6872000098,"29":0.6938999891,"30":0.6861000061,"31":0.6922000051,"32":0.6951000094,"33":0.6973999739,"34":0.6880999804,"35":0.6919999719,"36":0.6893000007,"37":0.6940000057,"38":0.6913999915,"39":0.6886000037,"40":0.6807000041,"41":0.6953999996,"42":0.6865000129,"43":0.6858000159,"44":0.689800024,"45":0.6919000149,"46":0.6916000247,"47":0.6934000254,"48":0.684499979,"49":0.6920999885}}