{"val_loss":{"0":1.9143306852,"1":1.2360081878,"2":1.1105018478,"3":0.9543346444,"4":0.9079219324,"5":0.8272817647,"6":0.7935108675,"7":0.8233599524,"8":0.716054875,"9":0.7079050569,"10":0.7191555521,"11":0.6672114536,"12":0.6780096177,"13":0.6154484597,"14":0.6852628822,"15":0.6029051521,"16":0.6206700119,"17":0.6408758414,"18":0.6168745464,"19":0.6053908683,"20":0.5342726856,"21":0.5478485946,"22":0.5332567695,"23":0.5332567324,"24":0.5252458303,"25":0.5224732228,"26":0.5250558377,"27":0.5517274697,"28":0.5411163008,"29":0.5251346021,"30":0.5368044277,"31":0.5318183867,"32":0.5292264218,"33":0.5378002957,"34":0.528233298,"35":0.5353043604,"36":0.5204649237,"37":0.5571770423,"38":0.5514743295,"39":0.5326072578,"40":0.5097179155,"41":0.5072604258,"42":0.5149293584,"43":0.5097410018,"44":0.5093877845,"45":0.5134256616,"46":0.5144030628,"47":0.5243838513,"48":0.5257086997,"49":0.5330391956,"50":0.5362601878,"51":0.5331998117,"52":0.5442934994,"53":0.5439673656,"54":0.557873646,"55":0.5445720782,"56":0.5433667884,"57":0.5455346046,"58":0.5392923637,"59":0.5682059912},"val_acc":{"0":0.2901,"1":0.5401,"2":0.6023,"3":0.6594,"4":0.6875,"5":0.713,"6":0.7335,"7":0.7182,"8":0.7566,"9":0.7583,"10":0.761,"11":0.7727,"12":0.764,"13":0.7948,"14":0.7642,"15":0.8013,"16":0.7898,"17":0.7916,"18":0.793,"19":0.8005,"20":0.8238,"21":0.8199,"22":0.8237,"23":0.8223,"24":0.8252,"25":0.8272,"26":0.828,"27":0.8183,"28":0.8239,"29":0.8298,"30":0.8283,"31":0.8308,"32":0.8323,"33":0.8317,"34":0.8348,"35":0.8291,"36":0.837,"37":0.8296,"38":0.8303,"39":0.8317,"40":0.8413,"41":0.8427,"42":0.8442,"43":0.8451,"44":0.8441,"45":0.8425,"46":0.8441,"47":0.8445,"48":0.8429,"49":0.8466,"50":0.8415,"51":0.8453,"52":0.8408,"53":0.8441,"54":0.8398,"55":0.8442,"56":0.8431,"57":0.8438,"58":0.8455,"59":0.8412},"loss":{"0":1.7643862684,"1":1.3950336263,"2":1.2087290425,"3":1.0714758141,"4":0.9753718516,"5":0.8924873053,"6":0.8436185561,"7":0.7946128357,"8":0.7484661243,"9":0.7150910436,"10":0.6873121222,"11":0.6578847132,"12":0.6323323607,"13":0.6094819936,"14":0.5868389461,"15":0.5652572293,"16":0.5486327019,"17":0.530784625,"18":0.5247943219,"19":0.5063147824,"20":0.4401588093,"21":0.4037474697,"22":0.3799664348,"23":0.3770605164,"24":0.366052666,"25":0.3610288442,"26":0.347277951,"27":0.3465635108,"28":0.3300223277,"29":0.3253611132,"30":0.3194654129,"31":0.3083644023,"32":0.3105904435,"33":0.29425677,"34":0.2940005646,"35":0.2888014172,"36":0.2820621073,"37":0.2749358101,"38":0.2710082841,"39":0.2669805863,"40":0.2401517948,"41":0.2218284002,"42":0.2154241613,"43":0.2108334281,"44":0.2040490312,"45":0.2028474807,"46":0.1979059582,"47":0.1915760639,"48":0.1917468899,"49":0.1885916079,"50":0.181778231,"51":0.1811482736,"52":0.1789482172,"53":0.1694895192,"54":0.1693414731,"55":0.1682263136,"56":0.1695885734,"57":0.1638565539,"58":0.1614183967,"59":0.1533286412},"acc":{"0":0.35546875,"1":0.4951845907,"2":0.569045947,"3":0.6236456661,"4":0.6615920947,"5":0.6934189406,"6":0.7092445827,"7":0.7267004414,"8":0.7456861958,"9":0.7567465891,"10":0.7668539326,"11":0.7774879615,"12":0.7848113965,"13":0.7921097512,"14":0.7996839888,"15":0.8064807384,"16":0.8139044944,"17":0.8199488363,"18":0.8201745586,"19":0.8308085875,"20":0.8505216693,"21":0.8607293339,"22":0.8724919743,"23":0.8692064607,"24":0.8736205859,"25":0.8756270064,"26":0.8806179775,"27":0.8807182986,"28":0.8874147271,"29":0.8875902889,"30":0.889847512,"31":0.8937600321,"32":0.8918539326,"33":0.8990519663,"34":0.8989516453,"35":0.9008075843,"36":0.9026635233,"37":0.9048956661,"38":0.906149679,"39":0.9091593098,"40":0.9166583066,"41":0.9255617978,"42":0.9248344703,"43":0.9272923355,"44":0.9290730337,"45":0.9305527689,"46":0.9314054976,"47":0.9318820225,"48":0.9340138443,"49":0.9333617576,"50":0.9368729936,"51":0.936722512,"52":0.9381270064,"53":0.9405597913,"54":0.9423404896,"55":0.9417636437,"56":0.9415128411,"57":0.9433938604,"58":0.9441713483,"59":0.9470555778}}