{"val_loss":{"0":1.9087256046,"1":1.575523139,"2":1.1705158592,"3":1.1086074432,"4":1.0682061893,"5":0.9346966695,"6":0.8319309863,"7":0.8957291013,"8":0.8219188082,"9":0.756537401,"10":0.9555850775,"11":0.74034399,"12":0.9884423656,"13":0.8508028461,"14":0.7222542427,"15":0.7560651574,"16":0.6844048808,"17":0.6982858591,"18":0.7435921582,"19":0.7526566708,"20":0.7382399428,"21":0.801331448,"22":0.6585811583,"23":0.7104428349,"24":0.7387865004,"25":0.705332509,"26":0.781048788,"27":0.6702216425,"28":0.7564668686,"29":0.7221430649},"val_acc":{"0":0.3385,"1":0.4557,"2":0.5901,"3":0.6083,"4":0.6265,"5":0.6904,"6":0.713,"7":0.703,"8":0.7221,"9":0.7424,"10":0.6939,"11":0.7586,"12":0.6907,"13":0.7252,"14":0.7612,"15":0.7506,"16":0.7839,"17":0.778,"18":0.7569,"19":0.7577,"20":0.7665,"21":0.7557,"22":0.7931,"23":0.7778,"24":0.7795,"25":0.7755,"26":0.7708,"27":0.7894,"28":0.7777,"29":0.792},"loss":{"0":2.0131643323,"1":1.4795629481,"2":1.2561135068,"3":1.0831735626,"4":0.9523007636,"5":0.8585022112,"6":0.7968038066,"7":0.7335775538,"8":0.6880273523,"9":0.6495481546,"10":0.6373984792,"11":0.5924197777,"12":0.559069986,"13":0.5394928699,"14":0.5223602237,"15":0.5015259885,"16":0.4816222988,"17":0.4618032812,"18":0.4436102461,"19":0.435073103,"20":0.4165358602,"21":0.4014368827,"22":0.3909603802,"23":0.3717571244,"24":0.3711474775,"25":0.3579990834,"26":0.3444536032,"27":0.3307072137,"28":0.325516145,"29":0.3127487987},"acc":{"0":0.2993038862,"1":0.4585423355,"2":0.5519161316,"3":0.617776886,"4":0.6668338684,"5":0.7044542536,"6":0.7232644462,"7":0.747266252,"8":0.7608095907,"9":0.7748796148,"10":0.7798455056,"11":0.7942666533,"12":0.8071077448,"13":0.815233748,"14":0.8203250401,"15":0.825391252,"16":0.8329905698,"17":0.8403641653,"18":0.8465088283,"19":0.8485403291,"20":0.8571177769,"21":0.8625351124,"22":0.8667736758,"23":0.8726173756,"24":0.8731942215,"25":0.8780347111,"26":0.8804925762,"27":0.8873144061,"28":0.8885684189,"29":0.8922552167}}