{"val_loss":{"0":2.6306788933,"1":1.3718478889,"2":1.5470386604,"3":1.2200725502,"4":1.3534012945,"5":1.3652899183,"6":1.2390516876,"7":1.945185688,"8":1.2624938356,"9":1.3652893124,"10":1.4650883131,"11":1.4406320053,"12":1.5158084003,"13":1.5399685936,"14":1.5029669697,"15":1.5761563812,"16":1.8080312325,"17":1.8076717796,"18":1.5591948326,"19":2.2737381691,"20":2.0458993279,"21":1.6141701378,"22":1.7609487999,"23":1.7936837303,"24":2.3189572735,"25":1.6770726219,"26":1.8792970322,"27":1.6625976982,"28":1.8311651047,"29":1.628230555},"val_acc":{"0":0.2002,"1":0.5322,"2":0.4868,"3":0.595,"4":0.583,"5":0.5951,"6":0.6486,"7":0.5714,"8":0.6842,"9":0.683,"10":0.6726,"11":0.7014,"12":0.6798,"13":0.6918,"14":0.6887,"15":0.7058,"16":0.6839,"17":0.6502,"18":0.6992,"19":0.6367,"20":0.6467,"21":0.7046,"22":0.6791,"23":0.6944,"24":0.6043,"25":0.7124,"26":0.6929,"27":0.6992,"28":0.6996,"29":0.7186},"loss":{"0":1.4304656345,"1":1.0783284576,"2":0.8750678045,"3":0.719575613,"4":0.5621299053,"5":0.4254018806,"6":0.3072648184,"7":0.2316312456,"8":0.1702479248,"9":0.1333086048,"10":0.1152825596,"11":0.0951203313,"12":0.0848324205,"13":0.090540872,"14":0.0862463147,"15":0.0683947573,"16":0.0567578796,"17":0.0652805471,"18":0.069175154,"19":0.0649383586,"20":0.0618459907,"21":0.0562496816,"22":0.0467454456,"23":0.0445588419,"24":0.0613700086,"25":0.0439797869,"26":0.0458156227,"27":0.0449748596,"28":0.0396364022,"29":0.043833902},"acc":{"0":0.47875,"1":0.615125,"2":0.690425,"3":0.744675,"4":0.8027,"5":0.8509,"6":0.8927,"7":0.918975,"8":0.93995,"9":0.952375,"10":0.9582,"11":0.966925,"12":0.970775,"13":0.96825,"14":0.96965,"15":0.976175,"16":0.9798,"17":0.9764,"18":0.975975,"19":0.977775,"20":0.979125,"21":0.9808,"22":0.9834,"23":0.984575,"24":0.97925,"25":0.9844,"26":0.983975,"27":0.984375,"28":0.98605,"29":0.984625}}