{"val_loss":{"0":1.7065271507,"1":1.2899236786,"2":1.3053797283,"3":0.9242200216,"4":0.8466728796,"5":1.2408388702,"6":1.3464983984,"7":0.8925584525,"8":1.0334658843,"9":1.0800035111,"10":0.7832166248,"11":0.8813836315,"12":0.7802437591,"13":0.7779200591,"14":0.8943944324,"15":0.9644702885,"16":0.7716930767,"17":0.9856672352,"18":0.9218529318,"19":0.7913334911,"20":0.7710392472,"21":0.7182952544,"22":0.7173427919,"23":0.7439554479,"24":0.7535519811,"25":0.7340042947,"26":0.8483185249,"27":0.8835661904,"28":0.7512550219,"29":0.6940703702},"val_acc":{"0":0.3836,"1":0.5454,"2":0.585,"3":0.6733,"4":0.707,"5":0.6043,"6":0.6057,"7":0.6969,"8":0.6774,"9":0.6691,"10":0.7451,"11":0.7405,"12":0.7546,"13":0.7484,"14":0.7192,"15":0.7229,"16":0.7495,"17":0.6718,"18":0.754,"19":0.7422,"20":0.7552,"21":0.7839,"22":0.7844,"23":0.7896,"24":0.7725,"25":0.784,"26":0.7756,"27":0.757,"28":0.7876,"29":0.7936},"loss":{"0":1.806802196,"1":1.283703269,"2":1.092399901,"3":0.9668656079,"4":0.8812161275,"5":0.830517364,"6":0.777507754,"7":0.7353635608,"8":0.7080641905,"9":0.6845703352,"10":0.6627263222,"11":0.6351041319,"12":0.6183268254,"13":0.597900873,"14":0.5793958428,"15":0.5623637668,"16":0.5470285185,"17":0.5378660693,"18":0.5209442524,"19":0.5153423057,"20":0.4976164301,"21":0.4864572732,"22":0.4769668082,"23":0.4650006992,"24":0.4505061034,"25":0.4534264754,"26":0.4396703719,"27":0.4315556341,"28":0.4346143752,"29":0.4201637561},"acc":{"0":0.3780048077,"1":0.5419592697,"2":0.6144412119,"3":0.6592596308,"4":0.6914877608,"5":0.7137088684,"6":0.728807183,"7":0.7465890851,"8":0.7585774478,"9":0.7649478331,"10":0.7715690209,"11":0.7815008026,"12":0.7899277689,"13":0.7939656902,"14":0.8015900883,"15":0.808888443,"16":0.8122491974,"17":0.8185443419,"18":0.8222060594,"19":0.8259931782,"20":0.8328651685,"21":0.8370034109,"22":0.8378812199,"23":0.8414927769,"24":0.8463583467,"25":0.8487158909,"26":0.8525280899,"27":0.8526284109,"28":0.854785313,"29":0.8594251605}}