{"val_loss":{"0":1.5478707561,"1":1.237178632,"2":0.9953919689,"3":1.0219239173,"4":0.9323879848,"5":0.8876995163,"6":0.9595420905,"7":0.8206941303,"8":0.8646068803,"9":0.7827163043,"10":0.9435342433,"11":0.7143343198,"12":0.6466413085,"13":0.7052035044,"14":0.6936231991,"15":0.6720038172,"16":0.6939190924,"17":0.8337391736,"18":0.7304818362,"19":0.8114985605,"20":0.6991851788,"21":0.6881103976,"22":0.7294928955,"23":0.6899941613,"24":0.7192601871,"25":0.7306877858,"26":0.772864921,"27":0.7265491014,"28":0.7227172829,"29":0.7949890547},"val_acc":{"0":0.4433,"1":0.5691,"2":0.6553,"3":0.6603,"4":0.6792,"5":0.695,"6":0.6733,"7":0.7169,"8":0.712,"9":0.7496,"10":0.7107,"11":0.7559,"12":0.7829,"13":0.7711,"14":0.777,"15":0.7775,"16":0.782,"17":0.7492,"18":0.7659,"19":0.7572,"20":0.789,"21":0.7867,"22":0.774,"23":0.7955,"24":0.7893,"25":0.7841,"26":0.7648,"27":0.7931,"28":0.7962,"29":0.7792},"loss":{"0":1.5812043251,"1":1.203681587,"2":1.0003466643,"3":0.8833113045,"4":0.8039530892,"5":0.7497137827,"6":0.6979826363,"7":0.6571523902,"8":0.6211347964,"9":0.5858159254,"10":0.5591643229,"11":0.5390393739,"12":0.5109633851,"13":0.4860919482,"14":0.471661203,"15":0.4567099678,"16":0.4316947974,"17":0.4277071314,"18":0.4025127443,"19":0.3924949328,"20":0.3733928524,"21":0.3663843781,"22":0.3490404659,"23":0.3427273674,"24":0.3341396326,"25":0.3231417095,"26":0.3161525318,"27":0.3067343034,"28":0.293597121,"29":0.2910899823},"acc":{"0":0.4263,"1":0.5681,"2":0.646525,"3":0.690825,"4":0.717775,"5":0.73785,"6":0.755925,"7":0.77035,"8":0.782225,"9":0.792775,"10":0.80555,"11":0.81235,"12":0.820225,"13":0.829375,"14":0.8353,"15":0.839475,"16":0.847475,"17":0.848275,"18":0.8595,"19":0.863575,"20":0.869075,"21":0.872325,"22":0.8774,"23":0.879875,"24":0.88315,"25":0.888525,"26":0.8899,"27":0.89255,"28":0.897525,"29":0.898575}}