{"val_loss":{"0":2.5970884453,"1":2.3867155071,"2":1.4215206264,"3":1.2490391226,"4":1.0073740599,"5":0.8179494049,"6":0.8722762848,"7":0.851962394,"8":0.9404932373,"9":0.8738789123,"10":0.9442761158,"11":0.7776222618,"12":0.7055712701,"13":0.7656467022,"14":0.7006787408,"15":0.7607754505,"16":0.8051379057,"17":0.7211482828,"18":0.7492708225,"19":0.804166881,"20":0.7152826015,"21":0.7969593619,"22":0.7344904219,"23":0.6822062003,"24":0.7169828147,"25":0.7376906019,"26":0.6851119289,"27":0.7615231091,"28":0.8469996815,"29":0.8105426966},"val_acc":{"0":0.2209,"1":0.3195,"2":0.5176,"3":0.5775,"4":0.6591,"5":0.718,"6":0.701,"7":0.7203,"8":0.6905,"9":0.7175,"10":0.7086,"11":0.7384,"12":0.7723,"13":0.7508,"14":0.7751,"15":0.7581,"16":0.7469,"17":0.7745,"18":0.7704,"19":0.7553,"20":0.7845,"21":0.7738,"22":0.7799,"23":0.7999,"24":0.7965,"25":0.7843,"26":0.8027,"27":0.7871,"28":0.7793,"29":0.7845},"loss":{"0":1.602310724,"1":1.2367858773,"2":1.043016241,"3":0.9304678156,"4":0.835821163,"5":0.7562597251,"6":0.6997443409,"7":0.6485403415,"8":0.6032016448,"9":0.5739238244,"10":0.5378302557,"11":0.50953806,"12":0.4807400414,"13":0.4546859713,"14":0.4340022488,"15":0.4145314196,"16":0.3916781248,"17":0.3745947753,"18":0.3612365538,"19":0.344219093,"20":0.3257859413,"21":0.3135259682,"22":0.3014364212,"23":0.2861518802,"24":0.2730964177,"25":0.2654974275,"26":0.2545997607,"27":0.2529885814,"28":0.2392282733,"29":0.2326021845},"acc":{"0":0.4185697115,"1":0.5519072061,"2":0.6278180354,"3":0.6696105072,"4":0.7059681965,"5":0.7346769324,"6":0.7550070451,"7":0.7702797907,"8":0.7882196055,"9":0.7982085346,"10":0.8132799919,"11":0.8212811997,"12":0.8318236715,"13":0.8400513285,"14":0.8465931965,"15":0.8529589372,"16":0.8624446457,"17":0.8670994364,"18":0.8724587359,"19":0.8783967391,"20":0.8850140902,"21":0.8884108293,"22":0.8928391707,"23":0.9011674718,"24":0.9039855072,"25":0.904589372,"26":0.9119363929,"27":0.9102506039,"28":0.9151318438,"29":0.9185034219}}